year,partner,commodity,trade_value,net_weight
2024,World,Rice,11647536383,18042917409
2024,Afghanistan,Rice,403578.56,440000
2024,Albania,Rice,207973.64,356000
2024,Algeria,Rice,129525749.2,181797900
2024,Angola,Rice,118559433.6,244777970
2024,Azerbaijan,Rice,9373387.31,8418002
2024,Argentina,Rice,232225.19,189000
2024,Australia,Rice,85691027.53,73773065
2024,Austria,Rice,259888.56,215002
2024,Bahamas,Rice,61958.73,50933
2024,Bahrain,Rice,59771219.34,66022035
2024,Bangladesh,Rice,84552279.76,177533978
2024,Armenia,Rice,740773.5,831210
2024,Barbados,Rice,14762.18,26010
2024,Belgium,Rice,11488536.71,10116270
2024,Bhutan,Rice,22372610.47,31512475
2024,Bosnia Herzegovina,Rice,168887.34,151420
2024,Botswana,Rice,473896.65,459532
2024,Brazil,Rice,102081.28,108420
2024,Brunei Darussalam,Rice,2172371.55,2881205
2024,Bulgaria,Rice,551222.99,948800
2024,Myanmar,Rice,1128585.93,2200000
2024,Belarus,Rice,427156.75,826000
2024,Cambodia,Rice,717148.05,641063
2024,Cameroon,Rice,144021849.7,329234403
2024,Canada,Rice,106072694,94300170
2024,Cayman Isds,Rice,130432.28,104208
2024,Central African Rep.,Rice,0.98,1.46
2024,Sri Lanka,Rice,93753646.81,183439910
2024,Chile,Rice,867962.26,1241600
2024,China,Rice,57623576.71,118556160
2024,Colombia,Rice,129918.75,125500
2024,Comoros,Rice,7878770.48,7399000
2024,Congo,Rice,17678945.12,37480668
2024,Dem. Rep. of the Congo,Rice,11343209.9,24164056
2024,Costa Rica,Rice,55604.5,70800
2024,Croatia,Rice,646499.88,1283750
2024,Cuba,Rice,64613.94,115000
2024,Cyprus,Rice,2438863.4,1967570
2024,Czechia,Rice,12440.6,10000
2024,Benin,Rice,853348399.9,1868994010
2024,Denmark,Rice,1627443.21,1346196
2024,Dominican Rep.,Rice,284433.99,502500
2024,El Salvador,Rice,99621.7,232516
2024,Equatorial Guinea,Rice,5522849.32,10848640
2024,Ethiopia,Rice,3798807.22,5713120
2024,Eritrea,Rice,556638.85,1194000
2024,Estonia,Rice,199528.3,163320
2024,Fiji,Rice,1785086.31,2023860
2024,Finland,Rice,655764.45,570216
2024,France,Rice,22082131.05,18446933
2024,Djibouti,Rice,104307813.9,215093090
2024,Gabon,Rice,1100292.52,2233969
2024,Georgia,Rice,5770762.44,7386870
2024,Gambia,Rice,28597247.05,68067630
2024,Germany,Rice,24621200.23,19993356
2024,Ghana,Rice,55954792.52,122307549
2024,Greece,Rice,3084592.35,3045030
2024,Grenada,Rice,24131.74,20000
2024,Guatemala,Rice,341231.48,606546
2024,Guinea,Rice,477426492.6,1022179350
2024,Guyana,Rice,101309.34,69994
2024,Haiti,Rice,6653031.78,13008790
2024,China Hong Kong SAR,Rice,1732381.54,1410171
2024,Hungary,Rice,72423.05,60300
2024,Indonesia,Rice,120230663,279701753
2024,Iran,Rice,698288923.9,745253800
2024,Iraq,Rice,929063149,945965110
2024,Ireland,Rice,4265909.13,3970846
2024,Israel,Rice,88066687.85,85021280
2024,Italy,Rice,33576343.35,30699900
2024,Côte d'Ivoire,Rice,456557862.2,985796830
2024,Jamaica,Rice,2154872.7,1720940
2024,Japan,Rice,5740389.97,4106082
2024,Kazakhstan,Rice,725481.68,751368
2024,Jordan,Rice,112667731.3,118597038
2024,Kenya,Rice,182115143.3,336237083
2024,Rep. of Korea,Rice,1058221.63,1030530
2024,Kuwait,Rice,208588807,210853780
2024,Kyrgyzstan,Rice,328418.88,366136
2024,Lebanon,Rice,19274119.04,19504198
2024,Lesotho,Rice,518895.73,1000000
2024,Latvia,Rice,147902.85,221660
2024,Liberia,Rice,143817636.9,296276260
2024,Libya,Rice,22490981.12,29612580
2024,Lithuania,Rice,1614453.86,3033430
2024,China Macao SAR,Rice,58432.84,49038
2024,Madagascar,Rice,14008477.13,31381524
2024,Malawi,Rice,586245.74,1044254
2024,Malaysia,Rice,201988106.4,368562320
2024,Maldives,Rice,22122357.25,34953295
2024,Mali,Rice,8263720.58,18875000
2024,Malta,Rice,1715471.05,1531802
2024,Mauritania,Rice,10673549.96,11024160
2024,Mauritius,Rice,41086309.6,44322021
2024,Mexico,Rice,1303006.53,1098460
2024,Other Asia nes,Rice,155651.79,112474
2024,Mongolia,Rice,146252.17,138704
2024,Morocco,Rice,21658624.83,39203030
2024,Mozambique,Rice,107893721.1,232604720
2024,Oman,Rice,197212685.3,225480346
2024,Namibia,Rice,6619689.62,13017000
2024,Nepal,Rice,165689085.1,461427680
2024,Netherlands,Rice,94589761.72,102254640
2024,Curaçao,Rice,552012.89,442777
2024,New Zealand,Rice,12269174.23,12290385
2024,Niger,Rice,22766139.23,48763425
2024,Nigeria,Rice,48768092.18,91619490
2024,Norway,Rice,2686933.05,1991115
2024,Pakistan,Rice,1584336.5,1913900
2024,Panama,Rice,215101.9,165328
2024,Papua New Guinea,Rice,188849.41,421933
2024,Peru,Rice,21298.8,13000
2024,Philippines,Rice,43208507.47,46028928
2024,Poland,Rice,2909848.05,3356360
2024,Portugal,Rice,7630716.91,7340240
2024,Guinea-Bissau,Rice,8939684.05,21650000
2024,Timor-Leste,Rice,36534938.82,77442030
2024,Qatar,Rice,165214192.7,195408878
2024,Romania,Rice,7115218.42,10831340
2024,Russian Federation,Rice,69569471.11,122474770
2024,Rwanda,Rice,759724.8,1759536
2024,Saint Kitts and Nevis,Rice,399822.64,810000
2024,Saint Vincent and the Grenadines,Rice,27987.51,81039
2024,Sao Tome and Principe,Rice,532845.44,1157000
2024,Saudi Arabia,Rice,1399830169,1405530470
2024,Senegal,Rice,247309362.4,595243360
2024,Serbia,Rice,177193.5,331880
2024,Seychelles,Rice,6948945.93,6855602
2024,Sierra Leone,Rice,167739013.7,357643620
2024,Singapore,Rice,99241572.64,162807680
2024,Viet Nam,Rice,266038597.8,612835994
2024,Slovenia,Rice,874649.03,580984
2024,Somalia,Rice,230017217,500320670
2024,South Africa,Rice,108929060.3,197886001
2024,Zimbabwe,Rice,4978656.45,9967300
2024,Spain,Rice,14969627.91,14066830
2024,South Sudan,Rice,461659.01,876500
2024,Sudan,Rice,38782725.52,78693280
2024,Suriname,Rice,38484.78,32158
2024,Sweden,Rice,11681446.09,10461252
2024,Switzerland,Rice,1166109.14,915488
2024,Syria,Rice,29970699.02,33543090
2024,Tajikistan,Rice,535733.49,677670
2024,Thailand,Rice,4607449.88,4083930
2024,Togo,Rice,411945383,888134158
2024,Trinidad and Tobago,Rice,1087501.35,1598679
2024,United Arab Emirates,Rice,487875536.1,598410839
2024,Tunisia,Rice,5600396.15,7367058
2024,Türkiye,Rice,55061848.6,69723540
2024,Turkmenistan,Rice,61795.21,125000
2024,Uganda,Rice,220420.25,131016
2024,Ukraine,Rice,3456688.3,5275920
2024,Egypt,Rice,78552041.39,92398480
2024,United Kingdom,Rice,198727086.2,188296617
2024,United Rep. of Tanzania,Rice,22190699.93,37340360
2024,USA,Rice,380498218.3,320100645
2024,Burkina Faso,Rice,38269648.86,82006445
2024,Uruguay,Rice,18215.7,7060
2024,Uzbekistan,Rice,386945.04,412838
2024,Venezuela,Rice,82663.66,64886
2024,Samoa,Rice,1259.05,800
2024,Yemen,Rice,398280024.8,435252900
2024,Zambia,Rice,237952.47,375321
2024,Areas nes,Rice,260855.5,491500
2023,World,Rice,10453280267,17864980976
2023,Afghanistan,Rice,683046.83,1427960
2023,Albania,Rice,200298.61,422000
2023,Algeria,Rice,78447213.44,128111100
2023,Angola,Rice,77326167.55,184178290
2023,Azerbaijan,Rice,7504196.27,8008079
2023,Argentina,Rice,98485.27,52000
2023,Australia,Rice,75446125.14,63143229
2023,Austria,Rice,542052.11,382350
2023,Bahrain,Rice,62164252.98,64816190
2023,Bangladesh,Rice,83177898.56,215124400
2023,Armenia,Rice,508154.98,456130
2023,Barbados,Rice,12544.65,27000
2023,Belgium,Rice,10773926.73,8184680
2023,Bhutan,Rice,20946826.65,42587760
2023,Bosnia Herzegovina,Rice,75820.08,61000
2023,Botswana,Rice,294263.98,293630
2023,Brazil,Rice,113028.1,182914
2023,Brunei Darussalam,Rice,1942866.09,2508741
2023,Bulgaria,Rice,1035349.88,2216940
2023,Burundi,Rice,19825.53,53000
2023,Belarus,Rice,271336.35,512660
2023,Cambodia,Rice,1713072.81,5190638
2023,Cameroon,Rice,90147547.7,266589490
2023,Canada,Rice,109729014.7,94402243
2023,Cayman Isds,Rice,150162.08,120324
2023,Central African Rep.,Rice,240945.7,381200
2023,Sri Lanka,Rice,8652007.64,13947520
2023,Chile,Rice,3056258.43,6341241
2023,China,Rice,64675431.02,182612140
2023,Colombia,Rice,123082.11,100850
2023,Comoros,Rice,4039602.29,5611820
2023,Congo,Rice,19369927.99,51826994
2023,Dem. Rep. of the Congo,Rice,26409000.97,74916940
2023,Costa Rica,Rice,48866.64,34800
2023,Croatia,Rice,1985109.11,5084460
2023,Cuba,Rice,77067829.3,138301020
2023,Cyprus,Rice,2076011.57,1543260
2023,Czechia,Rice,58713.74,44780
2023,Benin,Rice,570618344.2,1519597410
2023,Denmark,Rice,1745717.36,1330080
2023,Equatorial Guinea,Rice,4290491.49,10496060
2023,Ethiopia,Rice,4342531.88,7471750
2023,Estonia,Rice,244888.51,203516
2023,Fiji,Rice,1964650.2,3337592
2023,Finland,Rice,629811.47,505220
2023,France,Rice,27125356.09,22488604
2023,Djibouti,Rice,156797755.9,382422570
2023,Gabon,Rice,1062643.88,2051736
2023,Georgia,Rice,8849816.25,11380830
2023,Gambia,Rice,47612717.75,135112563
2023,Germany,Rice,25589989.8,20312060
2023,Ghana,Rice,51118500.61,121428930
2023,Kiribati,Rice,33982.61,62400
2023,Greece,Rice,2832216.09,2779900
2023,Guatemala,Rice,224385.3,411486
2023,Guinea,Rice,322424986.5,841142597
2023,Guyana,Rice,68202.78,46000
2023,Haiti,Rice,6530503.17,14490340
2023,Honduras,Rice,431766.45,1103890
2023,China Hong Kong SAR,Rice,1723601.44,1405787
2023,Hungary,Rice,99569.27,78000
2023,Indonesia,Rice,22183223.87,53420160
2023,Iran,Rice,734286706.9,749335960
2023,Iraq,Rice,732897981.1,694275900
2023,Ireland,Rice,3994401.71,3980460
2023,Israel,Rice,73173215.33,67772730
2023,Italy,Rice,37295415.07,32221470
2023,Côte d'Ivoire,Rice,248495119.3,664538590
2023,Jamaica,Rice,1315034.45,972822
2023,Japan,Rice,2084068.44,1430584
2023,Kazakhstan,Rice,472910.59,455116
2023,Jordan,Rice,92500670.39,94573300
2023,Kenya,Rice,278599354,753846300
2023,Rep. of Korea,Rice,1125583.8,1003930
2023,Kuwait,Rice,212639174.4,207594600
2023,Kyrgyzstan,Rice,231358.78,287715
2023,Lebanon,Rice,23703503.62,24912670
2023,Latvia,Rice,358892.55,438932
2023,Liberia,Rice,126515386.4,318882179
2023,Libya,Rice,14803768.56,21651410
2023,Lithuania,Rice,2517584.49,5581002
2023,Luxembourg,Rice,30734.84,20000
2023,China Macao SAR,Rice,34905.68,25391
2023,Madagascar,Rice,87055778.98,286004808
2023,Malawi,Rice,35816.88,63850
2023,Malaysia,Rice,138337807.7,247635415
2023,Maldives,Rice,15832795.41,27602482.25
2023,Mali,Rice,7965083.47,23362200
2023,Malta,Rice,1448739.86,1250230
2023,Mauritania,Rice,11792357.01,11191206
2023,Mauritius,Rice,44843842,46972810.57
2023,Mexico,Rice,1137815.66,1207100
2023,Other Asia nes,Rice,203433.36,135976
2023,Mongolia,Rice,25562.64,25000
2023,Rep. of Moldova,Rice,214654.62,441000
2023,Montenegro,Rice,79962.03,250000
2023,Morocco,Rice,27399752.92,58763940
2023,Mozambique,Rice,122840760.2,368206730
2023,Oman,Rice,214734335.7,231295393
2023,Namibia,Rice,5836001.44,13355000
2023,Nepal,Rice,205898432.9,565977200
2023,Netherlands,Rice,110765620.2,104606910
2023,Curaçao,Rice,314962.22,233541
2023,Vanuatu,Rice,17521.77,25000
2023,New Zealand,Rice,12102809.69,11290758
2023,Niger,Rice,13882797,37459780
2023,Nigeria,Rice,8553012.9,6632477
2023,Norway,Rice,2306716.82,1799420
2023,Pakistan,Rice,3193602.01,6637110
2023,Panama,Rice,84257.86,54678
2023,Papua New Guinea,Rice,2749208.27,7479041
2023,Philippines,Rice,34496749.19,27034310
2023,Poland,Rice,3356358.45,3611185
2023,Portugal,Rice,12290875.19,9886500
2023,Guinea-Bissau,Rice,2554567.96,7324380
2023,Timor-Leste,Rice,39406607.01,104281800
2023,Qatar,Rice,156396570.4,180108856.9
2023,Romania,Rice,8856354.13,16375670
2023,Russian Federation,Rice,64209775.28,132780151
2023,Rwanda,Rice,3958848.78,10562140
2023,Saint Lucia,Rice,2454.01,1200
2023,Sao Tome and Principe,Rice,686480.28,2011500
2023,Saudi Arabia,Rice,1279221279,1234976820
2023,Senegal,Rice,321873446,936752010
2023,Serbia,Rice,65670.14,72700
2023,Seychelles,Rice,5481713.51,4961167
2023,Sierra Leone,Rice,114233637.6,297069735
2023,Singapore,Rice,97785194.99,178759400
2023,Viet Nam,Rice,238033019.4,673485955
2023,Slovenia,Rice,1066077.19,637144
2023,Somalia,Rice,180397020,413694900
2023,South Africa,Rice,130343903.4,287906070
2023,Zimbabwe,Rice,5101670.86,12366800
2023,Spain,Rice,9202627.42,8632620
2023,South Sudan,Rice,270672.57,804220
2023,Sudan,Rice,34758369.34,83305660
2023,Suriname,Rice,28649.19,26060
2023,Eswatini,Rice,92004.61,228900
2023,Sweden,Rice,11026479.96,9155127
2023,Switzerland,Rice,2537549.57,1925801
2023,Syria,Rice,19303566.16,26616600
2023,Tajikistan,Rice,1008789.41,1447000
2023,Thailand,Rice,3956791.19,3245972
2023,Togo,Rice,321340732,863485154
2023,Trinidad and Tobago,Rice,595294.4,485457
2023,United Arab Emirates,Rice,463657659.4,559648290
2023,Tunisia,Rice,1735201.4,2685742
2023,Türkiye,Rice,77446133.3,95541440
2023,Turkmenistan,Rice,41983.92,81000
2023,Uganda,Rice,286118.31,326614
2023,Ukraine,Rice,2676198.74,5951670
2023,Egypt,Rice,81326416.55,167486900
2023,United Kingdom,Rice,242886050.4,222695571
2023,United Rep. of Tanzania,Rice,79492203.88,194576700
2023,USA,Rice,333342409.5,281872762
2023,Burkina Faso,Rice,14042015.3,37211216
2023,Uruguay,Rice,15664.43,8500
2023,Uzbekistan,Rice,261117.68,353140
2023,Venezuela,Rice,69275.05,62620
2023,Yemen,Rice,335055136.5,335140300
2023,Zambia,Rice,173140.26,316075
2023,Areas nes,Rice,432615.13,364100
2022,World,Rice,10766622669,22236585452
2022,Afghanistan,Rice,17412.01,23000
2022,Albania,Rice,126098.62,230000
2022,Algeria,Rice,64531120.1,127158710
2022,Angola,Rice,162644087.5,470861429
2022,Azerbaijan,Rice,3384321.24,4146340
2022,Argentina,Rice,89382.11,76810
2022,Australia,Rice,67675477.04,65080773
2022,Austria,Rice,271093.83,174344
2022,Bahrain,Rice,46534986.71,51881282
2022,Bangladesh,Rice,256990038.2,656718558
2022,Armenia,Rice,438696.74,390244
2022,Barbados,Rice,21660.67,38203
2022,Belgium,Rice,13714332.81,13802656
2022,Bhutan,Rice,25010602.56,58143150
2022,Bosnia Herzegovina,Rice,170336.16,160000
2022,Botswana,Rice,323993.61,302312
2022,Brazil,Rice,40787.68,41920
2022,Brunei Darussalam,Rice,1340396.11,1789647
2022,Bulgaria,Rice,1053870,1950460
2022,Myanmar,Rice,314385.59,298257
2022,Burundi,Rice,38811.92,135000
2022,Belarus,Rice,434369.14,793828
2022,Cambodia,Rice,596556.69,1660405
2022,Cameroon,Rice,175038660,529027070
2022,Canada,Rice,82380545.71,75829604
2022,Cabo Verde,Rice,1902225.51,5230000
2022,Cayman Isds,Rice,66568.97,62187
2022,Central African Rep.,Rice,1532649.35,3545340
2022,Sri Lanka,Rice,220323415.1,657263412.4
2022,Chile,Rice,378074.3,331013
2022,China,Rice,670286364.8,2118090377
2022,Colombia,Rice,58045.53,48900
2022,Comoros,Rice,16177915.61,29844825
2022,Congo,Rice,43440728.59,129624666
2022,Dem. Rep. of the Congo,Rice,30539813.32,92560712
2022,Costa Rica,Rice,26663.95,19630
2022,Croatia,Rice,1064037.26,2537685
2022,Cuba,Rice,15644589.33,28950000
2022,Cyprus,Rice,1462499.29,1235886
2022,Czechia,Rice,174061.84,145000
2022,Benin,Rice,550931887.4,1630419535
2022,Denmark,Rice,834244.91,731318
2022,Dominican Rep.,Rice,778.74,249
2022,Equatorial Guinea,Rice,3302869.34,9011540
2022,Ethiopia,Rice,27905323.17,73186099
2022,Eritrea,Rice,444920.98,1144000
2022,Estonia,Rice,212865.78,184620
2022,Fiji,Rice,3158460.21,7453544
2022,Finland,Rice,524084.36,449562
2022,France,Rice,15880773.38,14888964
2022,Djibouti,Rice,158226078.8,447614432
2022,Gabon,Rice,365198.62,729172
2022,Georgia,Rice,2663783.47,3813151
2022,Gambia,Rice,28862013.1,91970810
2022,Germany,Rice,12773123.35,11050705
2022,Ghana,Rice,30762062.5,81674054
2022,Kiribati,Rice,30913,73764
2022,Greece,Rice,1446922.84,1677917
2022,Guatemala,Rice,22183.12,30602
2022,Guinea,Rice,284050034.5,799784165
2022,Guyana,Rice,39326.32,23000
2022,Haiti,Rice,799657.57,996120
2022,China Hong Kong SAR,Rice,1472340.23,1208074
2022,Hungary,Rice,366798.71,789395
2022,Indonesia,Rice,63602314.12,180541890
2022,Iran,Rice,1155109825,1245250480
2022,Iraq,Rice,354319587.2,376275937
2022,Ireland,Rice,1997556.75,2255591
2022,Israel,Rice,62793894.31,61186913
2022,Italy,Rice,22580334.11,22495100
2022,Côte d'Ivoire,Rice,416945513.1,1198905667
2022,Jamaica,Rice,766845.58,566200
2022,Japan,Rice,1817998.67,1522732
2022,Kazakhstan,Rice,682227.48,1069140
2022,Jordan,Rice,118077691.8,124204539
2022,Kenya,Rice,146045389.7,400705981
2022,Rep. of Korea,Rice,1109351.64,1046120
2022,Kuwait,Rice,174430847.3,186132476
2022,Kyrgyzstan,Rice,160243.98,239975
2022,Lebanon,Rice,10391309.03,11745261.86
2022,Latvia,Rice,83404.95,65000
2022,Liberia,Rice,120576399.1,329892113.5
2022,Libya,Rice,7228561.87,9914971
2022,Lithuania,Rice,2034095.75,5219576
2022,Madagascar,Rice,194608428,624079791
2022,Malawi,Rice,38939.56,57655
2022,Malaysia,Rice,134190522.2,262521972.8
2022,Maldives,Rice,13152441.77,25182859
2022,Mali,Rice,4613201.11,13892980
2022,Malta,Rice,731755.5,660204
2022,Mauritania,Rice,5889470.69,7019680
2022,Mauritius,Rice,33147035.51,30669578
2022,Mexico,Rice,936696.26,852740
2022,Other Asia nes,Rice,124434.99,85636
2022,Mongolia,Rice,188990.91,166020
2022,Rep. of Moldova,Rice,270463.97,346172
2022,Montenegro,Rice,276433.08,782500
2022,Morocco,Rice,11921774.99,26543308
2022,Mozambique,Rice,110431258,336494430
2022,Oman,Rice,132977060.6,157901110
2022,Namibia,Rice,3182715.64,8865128
2022,Nepal,Rice,326765603,939531713
2022,Netherlands,Rice,69308177.95,81524209
2022,Curaçao,Rice,458179.28,360711
2022,New Zealand,Rice,7132047.97,7356005
2022,Niger,Rice,23227129.61,72016500
2022,Nigeria,Rice,4236282.73,3673075
2022,Norway,Rice,1771783.6,1239819
2022,Pakistan,Rice,846146.62,1572140
2022,Panama,Rice,89034.42,68436
2022,Papua New Guinea,Rice,19212281.36,55022230
2022,Peru,Rice,13652.85,10300
2022,Philippines,Rice,30189177.76,22390991
2022,Poland,Rice,1547205.31,2442900
2022,Portugal,Rice,1821619.85,2020920
2022,Guinea-Bissau,Rice,183758.93,520000
2022,Timor-Leste,Rice,25517084.72,76844665
2022,Qatar,Rice,123777247.8,166187631
2022,Romania,Rice,5268552.75,11549200
2022,Russian Federation,Rice,56653719.35,126034664
2022,Rwanda,Rice,5591899.36,16758000
2022,Saint Lucia,Rice,4795.98,2225
2022,Sao Tome and Principe,Rice,427492.27,1274000
2022,Saudi Arabia,Rice,989793225.3,1012564830
2022,Senegal,Rice,425178382.3,1355146775
2022,Serbia,Rice,66409.54,186500
2022,Seychelles,Rice,5559173.19,5259151.61
2022,Sierra Leone,Rice,79348161.66,221766800
2022,Singapore,Rice,70311839.93,147211323
2022,Viet Nam,Rice,187531428.9,604941882
2022,Slovenia,Rice,792265.59,508797
2022,Somalia,Rice,181927670.7,507291955
2022,South Africa,Rice,77643679.08,189356219
2022,Zimbabwe,Rice,1781388.56,5160000
2022,Spain,Rice,7790928.13,10835274
2022,South Sudan,Rice,219875.39,615500
2022,Sudan,Rice,34366515.39,86294306
2022,Suriname,Rice,4137.87,4500
2022,Sweden,Rice,4792537.2,4167970
2022,Switzerland,Rice,2794251.95,1988828
2022,Syria,Rice,8961588.93,9311300
2022,Tajikistan,Rice,49441.76,43200
2022,Thailand,Rice,2196932.45,2223085
2022,Togo,Rice,307483955.7,886271252
2022,Trinidad and Tobago,Rice,364649.92,306360
2022,United Arab Emirates,Rice,432986894.4,540741874
2022,Tunisia,Rice,345574.5,742500
2022,Türkiye,Rice,43851772.4,91366042
2022,Turkmenistan,Rice,141897.84,164000
2022,Uganda,Rice,353852.11,608977
2022,Ukraine,Rice,4296140.76,9811770
2022,Egypt,Rice,70061430.84,112418650
2022,United Kingdom,Rice,130703090.8,149177881
2022,United Rep. of Tanzania,Rice,29444544.59,67769971
2022,USA,Rice,270982773.1,249900925.7
2022,Burkina Faso,Rice,21624978.38,66229430
2022,Uruguay,Rice,2856.97,2000
2022,Uzbekistan,Rice,61188.23,53375
2022,Venezuela,Rice,55945.42,40380
2022,Yemen,Rice,329684902.3,342955005
2022,Zambia,Rice,101521.92,156175
2022,Areas nes,Rice,150657.54,124500
2021,World,Rice,9623556833,21279907061
2021,Afghanistan,Rice,4106184.42,6395500
2021,Albania,Rice,287387.96,800700
2021,Algeria,Rice,55896930.36,122448500
2021,Angola,Rice,84525349.75,221100910
2021,Azerbaijan,Rice,11992940.13,16271550
2021,Argentina,Rice,122602.08,107400
2021,Australia,Rice,53139249.83,58186902
2021,Austria,Rice,653649.45,387417
2021,Bahamas,Rice,4.83,9.78
2021,Bahrain,Rice,39697779.14,49389894
2021,Bangladesh,Rice,934229741.7,2483279220
2021,Armenia,Rice,521859.43,642900
2021,Barbados,Rice,48490.29,134000
2021,Belgium,Rice,15468589.38,32831960
2021,Bhutan,Rice,24383623.35,57514484
2021,Bosnia Herzegovina,Rice,92159.82,152040
2021,Botswana,Rice,438717.61,475360
2021,Brazil,Rice,36513.68,42732
2021,Belize,Rice,1082.41,1000
2021,Brunei Darussalam,Rice,1575174.92,2560596
2021,Bulgaria,Rice,550451.36,1741100
2021,Myanmar,Rice,209957.6,231360
2021,Belarus,Rice,11415231.17,37539140
2021,Cambodia,Rice,49934.09,50695
2021,Cameroon,Rice,154303580.2,437233062
2021,Canada,Rice,58229492.67,57650454
2021,Cabo Verde,Rice,165076.52,340000
2021,Cayman Isds,Rice,86921.41,81857
2021,Central African Rep.,Rice,212837.74,272600
2021,Sri Lanka,Rice,89354629.47,206758450
2021,Chad,Rice,18638.96,52000
2021,Chile,Rice,867722.05,2022550
2021,China,Rice,369391949.6,1208396556
2021,Colombia,Rice,91618.25,75500
2021,Comoros,Rice,3939212.6,3879350
2021,Congo,Rice,23100177.99,61142655
2021,Dem. Rep. of the Congo,Rice,32389254.69,87056907
2021,Costa Rica,Rice,25645.65,21180
2021,Croatia,Rice,914359.58,2147400
2021,Cyprus,Rice,1117432.47,1104400
2021,Czechia,Rice,194734.04,222900
2021,Benin,Rice,454536039.5,1274725220
2021,Denmark,Rice,760512.12,765526
2021,Dominican Rep.,Rice,10205.67,17425
2021,Ecuador,Rice,10260.39,10544
2021,Equatorial Guinea,Rice,2489848.4,5592870
2021,Ethiopia,Rice,36656938.05,104886320
2021,Estonia,Rice,203677.46,248260
2021,Fiji,Rice,4098058.91,9488690
2021,Finland,Rice,587503.01,514773
2021,France,Rice,15894532.1,16791480
2021,Djibouti,Rice,163209832.7,500179370
2021,Gabon,Rice,428058.31,809135
2021,Georgia,Rice,5649793.79,9747470
2021,Gambia,Rice,26051939.1,87816920
2021,Germany,Rice,14083017.32,12902608
2021,Ghana,Rice,50925990.71,138304095
2021,Kiribati,Rice,10920.03,25396
2021,Greece,Rice,1632157.26,2033500
2021,Guatemala,Rice,91564.89,237000
2021,Guinea,Rice,263344534,726770594
2021,Guyana,Rice,29646.89,23250
2021,Haiti,Rice,4686540.79,10941880
2021,China Hong Kong SAR,Rice,1404945.57,1294021
2021,Hungary,Rice,23620.49,60000
2021,Indonesia,Rice,74056989.28,244720164
2021,Iran,Rice,662011442.9,871375400
2021,Iraq,Rice,521965479.6,747958200
2021,Ireland,Rice,2399361.62,3888919
2021,Israel,Rice,53995724.2,61517879
2021,Italy,Rice,20904020.35,22834740
2021,Côte d'Ivoire,Rice,318753279.7,909674254
2021,Jamaica,Rice,903808.44,637371
2021,Japan,Rice,2580666.26,2342529
2021,Kazakhstan,Rice,144171.59,175300
2021,Jordan,Rice,50863058.88,68670860
2021,Kenya,Rice,83107594.47,214034899
2021,Rep. of Korea,Rice,5932795.58,12189070
2021,Kuwait,Rice,156060829.5,185897409
2021,Kyrgyzstan,Rice,144838.21,195620
2021,Lao People's Dem. Rep.,Rice,125696.3,442000
2021,Lebanon,Rice,10388594.91,14356692
2021,Latvia,Rice,67199.31,86508
2021,Liberia,Rice,130024703.6,356864244
2021,Libya,Rice,9130588.97,17073100
2021,Lithuania,Rice,2110636.8,5459044
2021,Luxembourg,Rice,51528.96,40500
2021,Madagascar,Rice,149998070.6,455411040
2021,Malawi,Rice,58451,76110
2021,Malaysia,Rice,204019369.7,460152710
2021,Maldives,Rice,12320838.01,25229683
2021,Mali,Rice,4997009.64,14036265
2021,Malta,Rice,465669.11,471107
2021,Mauritania,Rice,6061711.42,9348820
2021,Mauritius,Rice,29411976.9,38726960
2021,Mexico,Rice,482434.79,517860
2021,Other Asia nes,Rice,117532.9,97980
2021,Mongolia,Rice,42351.7,60545
2021,Rep. of Moldova,Rice,162398.17,447320
2021,Montenegro,Rice,467519.27,1201000
2021,Montserrat,Rice,13.69,20
2021,Morocco,Rice,11086600.67,26453710
2021,Mozambique,Rice,92831001.36,250739162
2021,Oman,Rice,106559763.8,145905042
2021,Namibia,Rice,2619285.18,7260100
2021,Nepal,Rice,427346854.6,1320826600
2021,Netherlands,Rice,54002889.04,64859732
2021,Curaçao,Rice,445775.32,418966
2021,New Zealand,Rice,9691313.95,10050603
2021,Nicaragua,Rice,21912.04,50000
2021,Niger,Rice,38439332.66,113264300
2021,Nigeria,Rice,5873570.96,5426216
2021,Norway,Rice,1291878.85,1012507
2021,Marshall Isds,Rice,177.53,115
2021,Pakistan,Rice,91765.1,225000
2021,Panama,Rice,3366.74,2700
2021,Papua New Guinea,Rice,18196496.99,53391921
2021,Peru,Rice,34293.02,28400
2021,Philippines,Rice,38678198.68,20237335
2021,Poland,Rice,1563644.1,2906000
2021,Portugal,Rice,2222652.67,2892440
2021,Guinea-Bissau,Rice,5417482.73,19234800
2021,Timor-Leste,Rice,20373295.74,57472060
2021,Qatar,Rice,98665606.81,143152387
2021,Romania,Rice,163629.53,207840
2021,Russian Federation,Rice,56702148.06,137873900
2021,Rwanda,Rice,2282794.74,5929450
2021,Sao Tome and Principe,Rice,820786.81,2031000
2021,Saudi Arabia,Rice,788155008.9,909205628
2021,Senegal,Rice,335792124.2,1181315127
2021,Serbia,Rice,160029.68,416000
2021,Seychelles,Rice,4443718.08,5867329
2021,Sierra Leone,Rice,47883602.87,134893344
2021,Singapore,Rice,69023601.26,138630600
2021,Viet Nam,Rice,262346131.1,814209368
2021,Slovenia,Rice,1146966.43,821200
2021,Somalia,Rice,142734765.9,406718340
2021,South Africa,Rice,87850012.1,223063930
2021,Zimbabwe,Rice,997333.5,2752400
2021,Spain,Rice,7718735.52,11554160
2021,South Sudan,Rice,356001.27,572000
2021,Sudan,Rice,15255664.22,34509320
2021,Suriname,Rice,1309.22,1080
2021,Eswatini,Rice,56521.92,142500
2021,Sweden,Rice,3823427.84,3991606
2021,Switzerland,Rice,1952116.22,1604469
2021,Syria,Rice,11892038.51,20202730
2021,Tajikistan,Rice,126629.17,183000
2021,Thailand,Rice,2289010.3,6273400
2021,Togo,Rice,238245814.2,676443900
2021,Tonga,Rice,108524.34,400400
2021,Trinidad and Tobago,Rice,438303.95,389602
2021,United Arab Emirates,Rice,319287281.9,480946454
2021,Tunisia,Rice,109516.37,159400
2021,Türkiye,Rice,30796229.68,47390700
2021,Turkmenistan,Rice,217513.05,302000
2021,Uganda,Rice,226790.86,293162
2021,Ukraine,Rice,13308693.28,30950300
2021,Egypt,Rice,48734587.99,64955920
2021,United Kingdom,Rice,139600729.8,175439146
2021,United Rep. of Tanzania,Rice,16523759.74,34524975
2021,USA,Rice,210699891.7,226414572
2021,Burkina Faso,Rice,16900579.82,47297875
2021,Uruguay,Rice,2700.4,2000
2021,Uzbekistan,Rice,29338.3,23500
2021,Venezuela,Rice,33589870.29,82297900
2021,Yemen,Rice,239570896.5,310647900
2021,Zambia,Rice,487243.99,824478
2021,Areas nes,Rice,251919.14,281400
2020,World,Rice,7980027659,14610588922
2020,Afghanistan,Rice,10961597.04,13704000
2020,Albania,Rice,192401.24,475000
2020,Algeria,Rice,48902800.25,113775510
2020,Angola,Rice,33722613.56,84424200
2020,Azerbaijan,Rice,15170904.45,20270948
2020,Argentina,Rice,122861.87,105460
2020,Australia,Rice,76981528.51,77198983
2020,Austria,Rice,876700.6,675010
2020,Bahrain,Rice,45901655.83,59559522
2020,Bangladesh,Rice,17668853.8,17380905
2020,Armenia,Rice,278837.77,316920
2020,Barbados,Rice,8906.84,20000
2020,Belgium,Rice,12365550.68,15956465
2020,Bhutan,Rice,21011182.66,49160268
2020,Bolivia (Plurinational State of),Rice,34540.08,44000
2020,Bosnia Herzegovina,Rice,70535.62,129000
2020,Botswana,Rice,284268.09,321244
2020,Brazil,Rice,11204964.92,39875000
2020,Belize,Rice,1482.15,1520
2020,Solomon Isds,Rice,21210.37,50000
2020,Brunei Darussalam,Rice,1764636.39,2834200
2020,Bulgaria,Rice,433109.84,889000
2020,Myanmar,Rice,277282.74,321220
2020,Burundi,Rice,636041.23,1788000
2020,Belarus,Rice,1055933.61,2634522
2020,Cambodia,Rice,61124.3,55775
2020,Cameroon,Rice,36675390.36,102908090
2020,Canada,Rice,81963161.13,81647778
2020,Cayman Isds,Rice,51024.8,45660
2020,Central African Rep.,Rice,886118.54,1297000
2020,Sri Lanka,Rice,3479950.76,4542044
2020,Chile,Rice,5366132.14,14431650
2020,China,Rice,10602940.67,34064025
2020,Colombia,Rice,79342.63,82000
2020,Comoros,Rice,2180903.16,2232740
2020,Congo,Rice,16167536.14,43715020
2020,Dem. Rep. of the Congo,Rice,7800494.88,22604895
2020,Costa Rica,Rice,48133.85,39000
2020,Croatia,Rice,1016276.01,2261050
2020,Cyprus,Rice,1130622.61,1115000
2020,Czechia,Rice,222809.78,241030
2020,Benin,Rice,354913851.5,989636300
2020,Denmark,Rice,1028685.43,988951
2020,Dominica,Rice,160,420
2020,Ecuador,Rice,3938.47,1500
2020,Equatorial Guinea,Rice,4510632.82,11058400
2020,Ethiopia,Rice,39067699.82,100857400
2020,Eritrea,Rice,492473.4,1222000
2020,Estonia,Rice,57049.28,71000
2020,Fiji,Rice,973415.64,1616945
2020,Finland,Rice,441950.39,353958
2020,France,Rice,20090055.47,21423854
2020,Djibouti,Rice,103470481.9,299515020
2020,Gabon,Rice,1149288.06,2651970
2020,Georgia,Rice,10540524.9,16175080
2020,Gambia,Rice,13613189.31,41645880
2020,Germany,Rice,17280988.44,16418322.63
2020,Ghana,Rice,27293269.82,72188118
2020,Greece,Rice,1465653.46,1757000
2020,Guatemala,Rice,2199.37,3000
2020,Guinea,Rice,202056672.1,542034505
2020,Guyana,Rice,3995.82,3000
2020,Haiti,Rice,2668044.03,5654000
2020,China Hong Kong SAR,Rice,1408420.03,1278376
2020,Hungary,Rice,38479.78,40000
2020,Indonesia,Rice,5067268.85,13709826
2020,Iran,Rice,875584575.3,1102107700
2020,Iraq,Rice,589942129.2,816116080
2020,Ireland,Rice,2044899.1,2338974
2020,Israel,Rice,56322342.16,68693780
2020,Italy,Rice,22200428.67,25559768
2020,Côte d'Ivoire,Rice,213012238.4,589528770
2020,Jamaica,Rice,672738.02,512275
2020,Japan,Rice,1295353.84,1099590
2020,Kazakhstan,Rice,392503.53,741720
2020,Jordan,Rice,70518875.65,85191540
2020,Kenya,Rice,39088972.69,97881338
2020,Rep. of Korea,Rice,5527306.08,11747450
2020,Kuwait,Rice,196991699.6,225025261
2020,Kyrgyzstan,Rice,370138.06,510000
2020,Lebanon,Rice,9251955.33,10016872
2020,Latvia,Rice,74536.18,93000
2020,Liberia,Rice,128485401.8,349088753
2020,Libya,Rice,957523.32,1563260
2020,Lithuania,Rice,2060340.05,5280000
2020,Luxembourg,Rice,51019.86,42000
2020,Madagascar,Rice,98509639.18,323946710
2020,Malawi,Rice,164303.18,265968
2020,Malaysia,Rice,171918817.3,389012214
2020,Maldives,Rice,14535986.12,31316648
2020,Mali,Rice,2235285.21,4980168.47
2020,Malta,Rice,389650.64,346950
2020,Mauritania,Rice,5050351.54,6179613
2020,Mauritius,Rice,40032792.1,50607622
2020,Mexico,Rice,1011384.02,1636520
2020,Other Asia nes,Rice,25978.98,24620
2020,Mongolia,Rice,44.11,20
2020,Rep. of Moldova,Rice,313369.51,936500
2020,Montenegro,Rice,383534.58,1000000
2020,Montserrat,Rice,13.82,20
2020,Morocco,Rice,7729331.53,17506788
2020,Mozambique,Rice,50365295.27,145907965
2020,Oman,Rice,129644814.8,178015648
2020,Namibia,Rice,5689090.5,16382000
2020,Nepal,Rice,329011487,1022790998
2020,Netherlands,Rice,73961042.39,92330903
2020,Curaçao,Rice,443917.25,416063
2020,New Zealand,Rice,9111589.24,10097754
2020,Nicaragua,Rice,186838.97,450000
2020,Niger,Rice,19601871.09,55292500
2020,Nigeria,Rice,5609422.23,5706675
2020,Norway,Rice,1967035.48,1501895
2020,Panama,Rice,71339.42,62549
2020,Papua New Guinea,Rice,5777304.67,15859275
2020,Philippines,Rice,31064659.02,24687354
2020,Poland,Rice,4887151.62,6074000
2020,Portugal,Rice,3807535.38,4669000
2020,Guinea-Bissau,Rice,4264403.33,13668000
2020,Timor-Leste,Rice,9486839.42,27781000
2020,Qatar,Rice,147724883.3,208945776.5
2020,Romania,Rice,225821.71,247100
2020,Russian Federation,Rice,58147574.99,140579417
2020,Rwanda,Rice,1445741.99,3931080
2020,Sao Tome and Principe,Rice,672531.37,1753000
2020,Saudi Arabia,Rice,1096886026,1284929896
2020,Senegal,Rice,220328148.1,732076341.3
2020,Serbia,Rice,10935,26000
2020,Seychelles,Rice,5229866.85,6848088.11
2020,Sierra Leone,Rice,21463693.19,60632590
2020,Singapore,Rice,61554153.11,119333078
2020,Viet Nam,Rice,15584405.3,46699955
2020,Slovenia,Rice,851806.37,510910
2020,Somalia,Rice,148967458.5,421567800
2020,South Africa,Rice,99033280.51,248711658
2020,Zimbabwe,Rice,1011534.07,2485001.74
2020,Spain,Rice,6704637.5,10069520
2020,South Sudan,Rice,482247.69,872000
2020,Sudan,Rice,17896342.92,43526060
2020,Suriname,Rice,14982.04,12950
2020,Eswatini,Rice,500533.75,1378000
2020,Sweden,Rice,4932250.16,4897093
2020,Switzerland,Rice,3155583.62,3047754
2020,Syria,Rice,22116535.65,33251020
2020,Tajikistan,Rice,59164.8,96000
2020,Thailand,Rice,2679502.14,7100560
2020,Togo,Rice,271566447,743323265
2020,Trinidad and Tobago,Rice,376846.1,427210
2020,United Arab Emirates,Rice,385393104.5,556738613
2020,Tunisia,Rice,784978.58,1521000
2020,Türkiye,Rice,51193461.77,83439870
2020,Turkmenistan,Rice,420536.97,541000
2020,Uganda,Rice,2850805.25,7403870
2020,Ukraine,Rice,12917908.43,28533020
2020,Egypt,Rice,27591801.22,36406050
2020,United Kingdom,Rice,149153003,183361795
2020,United Rep. of Tanzania,Rice,11238777.03,23646315
2020,USA,Rice,260198315.1,260861333
2020,Burkina Faso,Rice,27054790.65,74767100
2020,Uruguay,Rice,11779.88,7520
2020,Uzbekistan,Rice,25658.45,27525
2020,Venezuela,Rice,15933123.55,38247600
2020,Yemen,Rice,307496010.4,390581880
2020,Zambia,Rice,378753.36,699756
2020,Areas nes,Rice,344071.21,435000
2019,World,Rice,6800670445,9819123488
2019,Afghanistan,Rice,430964.44,452000
2019,Algeria,Rice,32258606.86,65913490
2019,Angola,Rice,14848992.26,34736518
2019,Antigua and Barbuda,Rice,12116.87,26300
2019,Azerbaijan,Rice,17969726.82,19380915
2019,Argentina,Rice,56502.22,45440
2019,Australia,Rice,59456995.81,57106288
2019,Austria,Rice,579757.92,380000
2019,Bahrain,Rice,43357151.23,47764166
2019,Bangladesh,Rice,26672431.45,41427000
2019,Armenia,Rice,316031.15,367000
2019,Belgium,Rice,9286411.39,7971620
2019,Bhutan,Rice,5024848.37,13812037
2019,Bolivia (Plurinational State of),Rice,107915.53,132000
2019,Bosnia Herzegovina,Rice,35838.88,23000
2019,Botswana,Rice,577009.78,649535
2019,Brazil,Rice,18887.51,19000
2019,Solomon Isds,Rice,34188.62,82000
2019,Brunei Darussalam,Rice,1937751.9,2955342
2019,Bulgaria,Rice,313468.62,647150
2019,Myanmar,Rice,41824.37,45101.39
2019,Belarus,Rice,309016.92,677450
2019,Cambodia,Rice,79618.5,77580
2019,Cameroon,Rice,4253799.9,11832878
2019,Canada,Rice,66985759.64,59436952
2019,Cayman Isds,Rice,121757.01,104091
2019,Central African Rep.,Rice,734025.42,838000
2019,Sri Lanka,Rice,3493753.02,7331355
2019,Chile,Rice,178646.32,145500
2019,China,Rice,455531.11,763411
2019,Colombia,Rice,46698.44,50800
2019,Comoros,Rice,914104.27,795302.34
2019,Congo,Rice,1631452.11,4202960
2019,Dem. Rep. of the Congo,Rice,1236402.28,3221245
2019,Costa Rica,Rice,25613.1,19000
2019,Croatia,Rice,189052.23,331000
2019,Cyprus,Rice,1061356.38,942300
2019,Czechia,Rice,156377.53,140575
2019,Benin,Rice,249201326.9,675376300
2019,Denmark,Rice,1521559.06,1236765
2019,Dominican Rep.,Rice,804.39,1000
2019,Equatorial Guinea,Rice,1485731.6,3425000
2019,Ethiopia,Rice,29937859.94,75470950
2019,Eritrea,Rice,204074.56,525000
2019,Estonia,Rice,60083.1,60000
2019,Fiji,Rice,522045.48,446430
2019,Finland,Rice,423344.36,342488
2019,France,Rice,14872179.72,14119335
2019,Djibouti,Rice,81538068.79,229906000
2019,Gabon,Rice,590640.72,1192000
2019,Georgia,Rice,5442608.16,6613860
2019,Gambia,Rice,5215909.37,13755170
2019,State of Palestine,Rice,28870.5,78000
2019,Germany,Rice,15499799.84,13264650
2019,Ghana,Rice,20880488.45,53847816
2019,Greece,Rice,862734.1,1062020
2019,Grenada,Rice,4012.91,2000
2019,Guinea,Rice,124733044.2,340026350
2019,Guyana,Rice,2522.45,1550
2019,Haiti,Rice,456655.29,655000
2019,China Hong Kong SAR,Rice,1622117.77,1414690
2019,Hungary,Rice,426538.76,397000
2019,Indonesia,Rice,338551.85,332295
2019,Iran,Rice,1444562968,1386518400
2019,Iraq,Rice,472801933.1,512236900
2019,Ireland,Rice,1713769.97,1658480
2019,Israel,Rice,46862421.64,46067620
2019,Italy,Rice,18224208.3,17064947
2019,Côte d'Ivoire,Rice,120326204.8,316804005
2019,Jamaica,Rice,720648.75,480450
2019,Japan,Rice,1119555.84,874148
2019,Kazakhstan,Rice,566253.86,778000
2019,Jordan,Rice,71741080.6,72509900
2019,Kenya,Rice,8806771.36,10349326
2019,Dem. People's Rep. of Korea,Rice,39743.4,46000
2019,Rep. of Korea,Rice,376242.47,324830
2019,Kuwait,Rice,226064759.9,232155838
2019,Kyrgyzstan,Rice,282856.25,319904
2019,Lebanon,Rice,14333056.81,13248500
2019,Latvia,Rice,28192.4,20020
2019,Liberia,Rice,88422529.97,238314636
2019,Libya,Rice,3989581.3,7338600
2019,Lithuania,Rice,596877.59,1486000
2019,Madagascar,Rice,10763733.05,32197395
2019,Malawi,Rice,157103.31,208230
2019,Malaysia,Rice,54808707.23,86291601
2019,Maldives,Rice,13315827.66,27606542
2019,Mali,Rice,2604160.42,6055300
2019,Malta,Rice,468396.79,354000
2019,Mauritania,Rice,5777594.86,6075110
2019,Mauritius,Rice,36860190.49,40279500
2019,Mexico,Rice,1116686.37,1735884
2019,Other Asia nes,Rice,172544.26,128918
2019,Rep. of Moldova,Rice,207748.83,549000
2019,Montenegro,Rice,33963.97,50000
2019,Morocco,Rice,4007838.3,8665000
2019,Mozambique,Rice,4825900.25,11797400
2019,Oman,Rice,108710971,129429050
2019,Namibia,Rice,4362093.67,12014460
2019,Nepal,Rice,239796885.4,649977763
2019,Netherlands,Rice,45170254.59,50666897
2019,Curaçao,Rice,278504.94,215737
2019,Aruba,Rice,160673.55,142160
2019,New Zealand,Rice,7334848.54,7333513
2019,Niger,Rice,15884276.79,45274200
2019,Nigeria,Rice,4750190.82,4043277
2019,Norway,Rice,1646366.48,1130578
2019,Palau,Rice,2285.72,2000
2019,Pakistan,Rice,231797.01,87731
2019,Panama,Rice,30922.27,25250
2019,Papua New Guinea,Rice,293.96,500
2019,Peru,Rice,4841.5,4000
2019,Philippines,Rice,22266954.9,19000669
2019,Poland,Rice,1497542.08,1480740
2019,Portugal,Rice,2268100.65,2731000
2019,Guinea-Bissau,Rice,1429520.5,3858000
2019,Qatar,Rice,123068951.7,161582108
2019,Romania,Rice,257758.64,397000
2019,Russian Federation,Rice,40584188.06,92761400
2019,Rwanda,Rice,61321.81,140900
2019,Sao Tome and Principe,Rice,279649.86,621000
2019,Saudi Arabia,Rice,1070644644,1081828213
2019,Senegal,Rice,59408520.53,194322300
2019,Seychelles,Rice,4651979.34,5142531.58
2019,Sierra Leone,Rice,17163650.14,45635756
2019,Singapore,Rice,53394885.82,89354388
2019,Viet Nam,Rice,948504.25,486340
2019,Slovenia,Rice,696196.13,411710
2019,Somalia,Rice,131841449.7,354473841
2019,South Africa,Rice,75134875.47,176823077
2019,Spain,Rice,2131177.52,1809400
2019,Sudan,Rice,32348408.71,82097040
2019,Suriname,Rice,9150.36,9900
2019,Eswatini,Rice,28087.46,84000
2019,Sweden,Rice,5901419.05,5232417.29
2019,Switzerland,Rice,3318851.49,2411663
2019,Syria,Rice,19236857.78,22565000
2019,Thailand,Rice,1375038.28,1255420
2019,Togo,Rice,111610732.6,309600850
2019,Trinidad and Tobago,Rice,326038.23,272867
2019,United Arab Emirates,Rice,351530272,470061736
2019,Türkiye,Rice,46970980.26,61779900
2019,Turkmenistan,Rice,332662.78,468000
2019,Uganda,Rice,596006.1,967530
2019,Ukraine,Rice,8827458.28,19469220
2019,Egypt,Rice,86097000.21,200792390
2019,United Kingdom,Rice,111464945.8,123246890
2019,United Rep. of Tanzania,Rice,6989801.86,7628129
2019,USA,Rice,206906325.1,179834447
2019,Burkina Faso,Rice,13370510.13,37403970
2019,Uruguay,Rice,1618.62,1000
2019,Uzbekistan,Rice,62168.02,74000
2019,Yemen,Rice,249338226.8,261443384
2019,Zambia,Rice,150796.98,227890
2024,World,Soyabean,4409399.12,7169193.73
2024,Angola,Soyabean,671.63,396
2024,Australia,Soyabean,660.11,510
2024,Bahrain,Soyabean,9748.43,10810
2024,Bhutan,Soyabean,162.38,98
2024,Cambodia,Soyabean,95.63,100
2024,Canada,Soyabean,4743.66,4144
2024,Sri Lanka,Soyabean,0.72,1
2024,China,Soyabean,80.19,30
2024,Denmark,Soyabean,2008.24,1426
2024,Finland,Soyabean,9170.33,10000
2024,France,Soyabean,2779.3,1180
2024,Germany,Soyabean,1377.14,731
2024,Ghana,Soyabean,72.37,100.73
2024,China Hong Kong SAR,Soyabean,174.69,200
2024,Indonesia,Soyabean,1937.9,1904
2024,Iraq,Soyabean,22172.02,17973
2024,Italy,Soyabean,4185.75,5000
2024,Japan,Soyabean,1305.88,1380
2024,Kuwait,Soyabean,39237.6,61456
2024,Liberia,Soyabean,927.37,304
2024,Malaysia,Soyabean,4642.36,8640
2024,Maldives,Soyabean,1216.16,1050
2024,Mauritius,Soyabean,3367.05,5100
2024,Other Asia nes,Soyabean,18635.4,24000
2024,Oman,Soyabean,4413.2,5390
2024,Nepal,Soyabean,2719280.77,4622321
2024,Netherlands,Soyabean,1237.48,1000
2024,New Zealand,Soyabean,726.27,800
2024,Nigeria,Soyabean,2076,915
2024,Portugal,Soyabean,1894.28,2000
2024,Qatar,Soyabean,83728.44,126983
2024,Seychelles,Soyabean,554.64,395
2024,Singapore,Soyabean,2147.78,2856
2024,Viet Nam,Soyabean,14026.72,23060
2024,South Africa,Soyabean,35.5,179
2024,Thailand,Soyabean,212284.24,144000
2024,United Arab Emirates,Soyabean,1184945.39,2035408
2024,Uganda,Soyabean,179.05,120
2024,United Kingdom,Soyabean,28476.81,25764
2024,USA,Soyabean,23292.72,20469
2024,Yemen,Soyabean,727.53,1000
2023,World,Soyabean,18116433.35,22477341
2023,Afghanistan,Soyabean,35766.04,48000
2023,Australia,Soyabean,184.89,138
2023,Bahrain,Soyabean,3974.06,3666
2023,Bangladesh,Soyabean,353129.96,504440
2023,Belgium,Soyabean,466005.29,499950
2023,Bhutan,Soyabean,276.03,260
2023,Brazil,Soyabean,1791.26,60
2023,Canada,Soyabean,10154837.34,11012738
2023,Sri Lanka,Soyabean,2385459.72,3198300
2023,Denmark,Soyabean,983.14,552
2023,Finland,Soyabean,10253.99,10000
2023,Georgia,Soyabean,287.77,200
2023,Ghana,Soyabean,8.54,5
2023,Greece,Soyabean,256.69,200
2023,Iran,Soyabean,45732.18,56000
2023,Iraq,Soyabean,6286.55,6945
2023,Ireland,Soyabean,331.9,50
2023,Kenya,Soyabean,326.16,460
2023,Rep. of Korea,Soyabean,229707.16,314000
2023,Kuwait,Soyabean,65830.87,80579
2023,Lebanon,Soyabean,372.87,220
2023,Liberia,Soyabean,1103.82,1500
2023,Maldives,Soyabean,1920.35,1342
2023,Other Asia nes,Soyabean,41792.01,48000
2023,Nepal,Soyabean,3124564.18,5110760
2023,Netherlands,Soyabean,1396.9,900
2023,New Zealand,Soyabean,129.9,119
2023,Nigeria,Soyabean,185.28,100
2023,Pakistan,Soyabean,60877.75,120000
2023,Qatar,Soyabean,100918.03,129990
2023,Saudi Arabia,Soyabean,72822.15,62617
2023,Serbia,Soyabean,20046.1,23000
2023,Seychelles,Soyabean,207.02,180
2023,Sierra Leone,Soyabean,101.92,75
2023,Singapore,Soyabean,1227.39,1352
2023,Viet Nam,Soyabean,443928.8,675492
2023,Thailand,Soyabean,104942.92,72380
2023,United Arab Emirates,Soyabean,327100.42,458460
2023,United Kingdom,Soyabean,19993.93,16120
2023,USA,Soyabean,31372.09,18191
2022,World,Soyabean,50343380.24,54393263.31
2022,Algeria,Soyabean,16082.57,15000
2022,Angola,Soyabean,808.72,390
2022,Australia,Soyabean,7095.03,4041
2022,Bahrain,Soyabean,33572.23,28920
2022,Belgium,Soyabean,583730.51,664500
2022,Bhutan,Soyabean,11632.82,9025
2022,Canada,Soyabean,29637145.07,31086180
2022,Sri Lanka,Soyabean,2868258.23,3058360
2022,Congo,Soyabean,113.12,40
2022,Denmark,Soyabean,3047.77,1650
2022,France,Soyabean,2396.8,1090
2022,Gabon,Soyabean,162.46,75
2022,Gambia,Soyabean,138.28,50
2022,Germany,Soyabean,497.29,289
2022,Ghana,Soyabean,166.45,100
2022,China Hong Kong SAR,Soyabean,733.07,227.43
2022,Iraq,Soyabean,12475.23,11197
2022,Kenya,Soyabean,259.44,200
2022,Rep. of Korea,Soyabean,401.01,150
2022,Kuwait,Soyabean,56927.02,57291
2022,Liberia,Soyabean,3.54,3
2022,Malaysia,Soyabean,10255.29,7500
2022,Maldives,Soyabean,447.7,266
2022,Mauritius,Soyabean,3156.37,2530
2022,Mongolia,Soyabean,686.58,480
2022,Oman,Soyabean,8951.13,8020
2022,Nepal,Soyabean,2879819.76,3931975
2022,Nigeria,Soyabean,976.22,356
2022,Qatar,Soyabean,103875.55,109970
2022,Saudi Arabia,Soyabean,29081.23,25942
2022,Senegal,Soyabean,3703.24,3150
2022,Seychelles,Soyabean,1644.93,929
2022,Singapore,Soyabean,643.93,298
2022,Viet Nam,Soyabean,36407.34,46338
2022,Suriname,Soyabean,15673.71,13000
2022,Switzerland,Soyabean,244.94,200
2022,Thailand,Soyabean,35953.57,23775
2022,United Arab Emirates,Soyabean,343665.94,365012
2022,Türkiye,Soyabean,5963979.87,7000420
2022,Uganda,Soyabean,28.27,30
2022,Egypt,Soyabean,870.81,710
2022,United Kingdom,Soyabean,12923.82,11690
2022,United Rep. of Tanzania,Soyabean,2.67,2.88
2022,USA,Soyabean,7654740.71,7901891
2021,World,Soyabean,19988392.51,24477919
2021,Angola,Soyabean,2688.73,1000
2021,Australia,Soyabean,3159.47,963
2021,Bahrain,Soyabean,4910.12,4950
2021,Belgium,Soyabean,3240851,4480000
2021,Bhutan,Soyabean,8827.91,8337
2021,Botswana,Soyabean,160.59,100
2021,Brunei Darussalam,Soyabean,31.79,20
2021,Canada,Soyabean,4339725.16,4932935
2021,Sri Lanka,Soyabean,1068713.11,1149230
2021,Chile,Soyabean,137.94,41
2021,France,Soyabean,83.66,90
2021,Gabon,Soyabean,363.28,210
2021,Germany,Soyabean,1325.71,766
2021,Ghana,Soyabean,83.1,90
2021,China Hong Kong SAR,Soyabean,161.85,100
2021,Iraq,Soyabean,3484.01,3975
2021,Italy,Soyabean,3520.35,2000
2021,Côte d'Ivoire,Soyabean,321.58,250
2021,Japan,Soyabean,295,300
2021,Kenya,Soyabean,27.46,20
2021,Kuwait,Soyabean,30879.7,28825
2021,Liberia,Soyabean,71.93,40
2021,Malaysia,Soyabean,7080.5,5023
2021,Maldives,Soyabean,293.91,140
2021,Mauritius,Soyabean,6590.84,5420
2021,Mongolia,Soyabean,24.35,25
2021,Oman,Soyabean,8877.92,11600
2021,Nepal,Soyabean,1678543.88,2720850
2021,New Zealand,Soyabean,2807.85,1741
2021,Nigeria,Soyabean,2499.88,1162
2021,Norway,Soyabean,104.87,20
2021,Papua New Guinea,Soyabean,10530.74,3880
2021,Philippines,Soyabean,195.72,250
2021,Portugal,Soyabean,1616.39,2000
2021,Qatar,Soyabean,105170.55,111525
2021,Saudi Arabia,Soyabean,80110.67,68412
2021,Senegal,Soyabean,63.92,60
2021,Seychelles,Soyabean,1002,774
2021,Sierra Leone,Soyabean,527.72,250
2021,Singapore,Soyabean,3450.73,1727
2021,Viet Nam,Soyabean,28.42,20
2021,South Africa,Soyabean,2162.6,1724
2021,Zimbabwe,Soyabean,19.86,20
2021,Spain,Soyabean,259.6,672
2021,Switzerland,Soyabean,344.13,300
2021,Thailand,Soyabean,29535.52,20988
2021,Togo,Soyabean,209.56,116
2021,Trinidad and Tobago,Soyabean,253.21,113
2021,United Arab Emirates,Soyabean,881993.37,1540846
2021,United Kingdom,Soyabean,926686.84,870694
2021,USA,Soyabean,7527537.99,8493310
2021,Zambia,Soyabean,45.53,15
2020,World,Soyabean,44125644.78,72020547.2
2020,Algeria,Soyabean,13748.73,20000
2020,Australia,Soyabean,39393.7,46615
2020,Bahrain,Soyabean,2694.92,2830
2020,Belgium,Soyabean,9598615.82,15332040
2020,Bhutan,Soyabean,7880.68,8976.38
2020,Canada,Soyabean,13178120.16,21721292
2020,Dem. Rep. of the Congo,Soyabean,50.17,40
2020,France,Soyabean,591637.88,989000
2020,Gambia,Soyabean,5.98,10.02
2020,Germany,Soyabean,3431.89,2511
2020,Guinea,Soyabean,333.4,200
2020,China Hong Kong SAR,Soyabean,653.68,1002.13
2020,Ireland,Soyabean,87.4,100
2020,Côte d'Ivoire,Soyabean,317.48,250
2020,Japan,Soyabean,136145.93,189115
2020,Kuwait,Soyabean,57991.3,72993
2020,Liberia,Soyabean,119.53,65
2020,Malaysia,Soyabean,3883.75,3300
2020,Maldives,Soyabean,181.54,145
2020,Other Asia nes,Soyabean,356691.62,995005.67
2020,Mozambique,Soyabean,97.01,90
2020,Oman,Soyabean,2557.13,3360
2020,Nepal,Soyabean,889501.49,1675563
2020,Netherlands,Soyabean,1237.93,423
2020,New Zealand,Soyabean,2347.58,2200
2020,Nigeria,Soyabean,141.06,50
2020,Philippines,Soyabean,1183.5,588
2020,Qatar,Soyabean,116891.95,184200
2020,Rwanda,Soyabean,98.78,50
2020,Saudi Arabia,Soyabean,45008.24,71000
2020,Seychelles,Soyabean,108.73,132
2020,Singapore,Soyabean,3501.13,2434
2020,South Africa,Soyabean,4548.81,6470
2020,Switzerland,Soyabean,983.33,992
2020,United Arab Emirates,Soyabean,349096.72,530180
2020,Egypt,Soyabean,746.75,420
2020,United Kingdom,Soyabean,21877.43,19095
2020,United Rep. of Tanzania,Soyabean,23.47,20
2020,USA,Soyabean,18693708.17,30137790
2019,World,Soyabean,60606295.44,103728047.7
2019,Algeria,Soyabean,27691.72,54750
2019,Australia,Soyabean,4207.1,4467
2019,Bahrain,Soyabean,7988.08,10110
2019,Belgium,Soyabean,9778945.28,16493000
2019,Botswana,Soyabean,152.73,150
2019,Brunei Darussalam,Soyabean,257.2,330
2019,Canada,Soyabean,11867314.59,20914948
2019,Sri Lanka,Soyabean,521891.73,899304.69
2019,Congo,Soyabean,44.74,42
2019,Dem. Rep. of the Congo,Soyabean,166.31,188
2019,France,Soyabean,1171620.51,2105903
2019,Ghana,Soyabean,88.14,65
2019,Guinea,Soyabean,132.17,100
2019,China Hong Kong SAR,Soyabean,324.9,1000
2019,Iraq,Soyabean,9732.89,14650
2019,Japan,Soyabean,223424.16,318200
2019,Jordan,Soyabean,3101.88,5000
2019,Kuwait,Soyabean,33820.45,51394
2019,Malaysia,Soyabean,4937.28,5090
2019,Mauritania,Soyabean,167.07,150
2019,Mauritius,Soyabean,120.48,100
2019,Mozambique,Soyabean,86.42,100
2019,Oman,Soyabean,122.27,100
2019,Nepal,Soyabean,792649.75,1365190
2019,Netherlands,Soyabean,579.84,500
2019,New Zealand,Soyabean,163.45,50
2019,Niger,Soyabean,117.24,120
2019,Qatar,Soyabean,64704.71,102000
2019,Russian Federation,Soyabean,3.47,1
2019,Saudi Arabia,Soyabean,30104.73,29500
2019,Senegal,Soyabean,29.18,30
2019,Seychelles,Soyabean,72.19,72
2019,Sierra Leone,Soyabean,326.18,110
2019,Singapore,Soyabean,2007.34,2393
2019,South Africa,Soyabean,241.83,220
2019,Spain,Soyabean,2135998.69,3651000
2019,Togo,Soyabean,57.02,10
2019,United Arab Emirates,Soyabean,285323.77,475300
2019,United Kingdom,Soyabean,18064.63,21420
2019,USA,Soyabean,33619513.34,57200990
